{
     "ownerNumber": "21238701427@s.whatsapp.net",
     "fake": "ᴠᴀɴɪᴛᴀꜱ",
     "prefix": ".",
     "ownerName": "ᴍᴏʜᴀᴍᴍᴇᴅ_xғ_16",
     "gamewaktu": 60,
     "owner": "21238701427",
     "botName": "𝗩𝗮𝗻𝗶𝘁𝗮𝘀 𝘅𝗱",
     "lolkey": "2c5a33509a07ebf7920b9a08",
     "vhtearkey": "FauzanBotz",
     "zekskey": "hehe",
     "xteamkey": "heh",
     "txtDonasi": "GoPay : 0821304\nSaweeria : https://saweria.co/hehe hehe\nDana : 088421519",
     "gcount": 20
}